[ {"color":"blue",
 "content":"更进一步地，实际工作中，我们更希望通过一个排版文件，来设置需要排版的文字的，",
 "size":16,
 "type":"txt"
 },
 {"color":"red",
 "content":"内容、颜色、字体",
 "size":22,
 "type":"txt"
 
 },
 {"color":"black",
 "content":"大小等信息。\n",
 "size":16,
 "type":"txt"
 
 },
 {"color":"defalut",
 "content":"我在开发猿题库应用时，自己定il而一个基于UBB的排版模板，但是实现该排版文件的解析器要花费大量的篇幅，考虑到这并不是本章的终点，所以我们以一个较简单版文件来讲解其思想。",
 "type":"txt"
 }
]